{"cameraMode":{"drawMode":0,"name":"Shaded","section":"Shading Mode"},"sceneLighting":false,"audioPlay":false,"sceneViewState":{"showFog":true,"showMaterialUpdate":false,"showSkybox":false,"showFlares":true,"showImageEffects":true,"showParticleSystems":true,"showVisualEffectGraphs":true,"m_FxEnabled":true},"in2DMode":false,"pivot":{"x":-0.0000019073486328125,"y":-9.5367431640625e-7,"z":0.7499995231628418},"rotation":{"x":0.031773313879966739,"y":-0.6820937991142273,"z":0.029690558090806009,"w":0.7299787402153015},"size":21.344911575317384,"orthographic":true}