{"cameraMode":{"drawMode":0,"name":"Shaded","section":"Shading Mode"},"sceneLighting":false,"audioPlay":false,"sceneViewState":{"showFog":true,"showMaterialUpdate":false,"showSkybox":false,"showFlares":true,"showImageEffects":true,"showParticleSystems":true,"showVisualEffectGraphs":true,"m_FxEnabled":true},"in2DMode":false,"pivot":{"x":0.019703149795532228,"y":1.8690961599349976,"z":22.714988708496095},"rotation":{"x":0.03858400508761406,"y":-0.7173699736595154,"z":0.03985261544585228,"w":0.6944929957389832},"size":1.3350924253463746,"orthographic":false}