{"cameraMode":{"drawMode":0,"name":"Shaded","section":"Shading Mode"},"sceneLighting":false,"audioPlay":false,"sceneViewState":{"showFog":true,"showMaterialUpdate":false,"showSkybox":false,"showFlares":true,"showImageEffects":true,"showParticleSystems":true,"showVisualEffectGraphs":true,"m_FxEnabled":true},"in2DMode":false,"pivot":{"x":0.15568387508392335,"y":-0.2606610953807831,"z":0.5861005187034607},"rotation":{"x":0.051411598920822147,"y":-0.07695525884628296,"z":0.004153434187173843,"w":0.9957844018936157},"size":0.5300999879837036,"orthographic":false}