{"cameraMode":{"drawMode":0,"name":"Shaded","section":"Shading Mode"},"sceneLighting":false,"audioPlay":false,"sceneViewState":{"showFog":true,"showMaterialUpdate":false,"showSkybox":false,"showFlares":true,"showImageEffects":true,"showParticleSystems":true,"showVisualEffectGraphs":true,"m_FxEnabled":true},"in2DMode":false,"pivot":{"x":0.0032787322998046877,"y":1.672182321548462,"z":0.00004100799560546875},"rotation":{"x":-0.23970577120780946,"y":0.7602574825286865,"z":-0.4315653443336487,"w":-0.42227044701576235},"size":6.2945404052734379,"orthographic":false}