{"cameraMode":{"drawMode":0,"name":"Shaded","section":"Shading Mode"},"sceneLighting":false,"audioPlay":false,"sceneViewState":{"showFog":true,"showMaterialUpdate":false,"showSkybox":false,"showFlares":true,"showImageEffects":true,"showParticleSystems":true,"showVisualEffectGraphs":true,"m_FxEnabled":true},"in2DMode":false,"pivot":{"x":0.4239133894443512,"y":-0.08535122871398926,"z":-0.1521691381931305},"rotation":{"x":0.00013658027455676347,"y":-0.9730306267738342,"z":0.23070260882377625,"w":0.0005809062859043479},"size":0.9910210967063904,"orthographic":true}