{"cameraMode":{"drawMode":0,"name":"Shaded","section":"Shading Mode"},"sceneLighting":false,"audioPlay":false,"sceneViewState":{"showFog":true,"showMaterialUpdate":false,"showSkybox":false,"showFlares":true,"showImageEffects":true,"showParticleSystems":true,"showVisualEffectGraphs":true,"m_FxEnabled":true},"in2DMode":false,"pivot":{"x":43.70661544799805,"y":12.738862037658692,"z":37.208736419677737},"rotation":{"x":-0.24613259732723237,"y":0.010764201171696186,"z":-0.0027492099907249214,"w":-0.9691925048828125},"size":0.3151686191558838,"orthographic":false}