{"cameraMode":{"drawMode":0,"name":"Shaded","section":"Shading Mode"},"sceneLighting":false,"audioPlay":false,"sceneViewState":{"showFog":true,"showMaterialUpdate":false,"showSkybox":false,"showFlares":true,"showImageEffects":true,"showParticleSystems":true,"showVisualEffectGraphs":true,"m_FxEnabled":true},"in2DMode":false,"pivot":{"x":-0.14320096373558045,"y":0.3050116002559662,"z":2.2022225856781008},"rotation":{"x":0.0006252696039155126,"y":-0.9980725049972534,"z":0.010178865864872933,"w":0.061454590409994128},"size":1.069770097732544,"orthographic":false}