{"cameraMode":{"drawMode":0,"name":"Shaded","section":"Shading Mode"},"sceneLighting":false,"audioPlay":false,"sceneViewState":{"showFog":true,"showMaterialUpdate":false,"showSkybox":false,"showFlares":true,"showImageEffects":true,"showParticleSystems":true,"showVisualEffectGraphs":true,"m_FxEnabled":true},"in2DMode":false,"pivot":{"x":-220.74696350097657,"y":-13.724669456481934,"z":-123.95446014404297},"rotation":{"x":0.12302809953689575,"y":0.15121032297611237,"z":-0.018970608711242677,"w":0.9806878566741943},"size":4.615792274475098,"orthographic":false}