{"cameraMode":{"drawMode":0,"name":"Shaded","section":"Shading Mode"},"sceneLighting":false,"audioPlay":false,"sceneViewState":{"showFog":true,"showMaterialUpdate":false,"showSkybox":false,"showFlares":true,"showImageEffects":true,"showParticleSystems":true,"showVisualEffectGraphs":true,"m_FxEnabled":true},"in2DMode":false,"pivot":{"x":0.18787029385566712,"y":-0.07739526778459549,"z":0.26185739040374758},"rotation":{"x":0.051411598920822147,"y":-0.07695525884628296,"z":0.004153434187173843,"w":0.9957844018936157},"size":0.13594022393226624,"orthographic":false}