{"cameraMode":{"drawMode":0,"name":"Shaded","section":"Shading Mode"},"sceneLighting":false,"audioPlay":false,"sceneViewState":{"showFog":true,"showMaterialUpdate":false,"showSkybox":false,"showFlares":true,"showImageEffects":true,"showParticleSystems":true,"showVisualEffectGraphs":true,"m_FxEnabled":true},"in2DMode":false,"pivot":{"x":-1.210719347000122e-8,"y":0.040478337556123736,"z":0.07738222926855087},"rotation":{"x":-0.3358113467693329,"y":0.37151938676834109,"z":-0.1462559700012207,"w":-0.8531481623649597},"size":0.437416672706604,"orthographic":false}